id;desc_action;date_start_action;date_commit;date_real_commit;desc_how;involved;status;evidence_doc;evidence_doc_content_type;observation;act_finding_id
1;mobile Fish;2020-02-20;2020-02-20;2020-02-20;Dam;Practical Fresh Pants;60111;../fake-data/blob/hipster.png;image/png;alarm;1
2;Tasty Metal Bacon;2020-02-20;2020-02-20;2020-02-21;Officer;methodology Albania;43194;../fake-data/blob/hipster.png;image/png;intangible;2
3;enable Gorgeous Frozen Pants;2020-02-20;2020-02-20;2020-02-20;Savings Account syndicate Planner;Refined Rubber Chicken Table;6505;../fake-data/blob/hipster.png;image/png;Factors;3
4;South Dakota envisioneer Music;2020-02-20;2020-02-20;2020-02-20;Bahamian Dollar Investment Account;Games Regional Digitized;66252;../fake-data/blob/hipster.png;image/png;hardware Costa Rica Mayotte;4
5;Industrial;2020-02-20;2020-02-20;2020-02-20;e-enable Communications capacitor;Awesome;19598;../fake-data/blob/hipster.png;image/png;Tasty Plastic Pizza scale;5
6;South Georgia and the South Sandwich Islands;2020-02-20;2020-02-20;2020-02-20;Home Loan Account;Plastic;80219;../fake-data/blob/hipster.png;image/png;Small;6
7;deliverables reinvent 24 hour;2020-02-21;2020-02-20;2020-02-20;monitor 1080p Checking Account;world-class Frozen IB;62329;../fake-data/blob/hipster.png;image/png;archive Fantastic Plastic Chicken;7
8;payment;2020-02-20;2020-02-20;2020-02-20;Mississippi embrace Developer;synthesize Idaho compress;49379;../fake-data/blob/hipster.png;image/png;Poland;8
9;Small partnerships;2020-02-20;2020-02-21;2020-02-20;Harbor Montana;Corporate Phased relationships;75555;../fake-data/blob/hipster.png;image/png;User-centric;9
10;Money Market Account;2020-02-20;2020-02-20;2020-02-20;Auto Loan Account modular Refined;digital maroon;89255;../fake-data/blob/hipster.png;image/png;Ghana back-end National;10
